type,timestamp_ns,value1,value2,est_x,est_y,est_heading
GYRO,0,-0.075600240,0.000000000,0.000000000,0.000000000,0.000000000
WHEEL,0,2.988995310,2.710308661,0.000000000,0.000000000,0.000000000
GYRO,25000000,-0.066075884,0.000000000,0.002350963,0.000000000,-0.001890006
WHEEL,50000000,3.009477217,2.727369002,0.004701922,-0.000004443,-0.003541903
GYRO,50000000,-0.068723706,0.000000000,0.004701922,-0.000004443,-0.003541903
GYRO,75000000,-0.068917764,0.000000000,0.007068356,-0.000012825,-0.005259996
GYRO,100000000,-0.064780318,0.000000000,0.009434772,-0.000025273,-0.006982940
WHEEL,100000000,2.981663463,2.697517057,0.009434772,-0.000025273,-0.006982940
GYRO,125000000,-0.070948544,0.000000000,0.011777377,-0.000041631,-0.008602448
GYRO,150000000,-0.080815300,0.000000000,0.014119952,-0.000061783,-0.010376161
WHEEL,150000000,2.959780743,2.690143931,0.014119952,-0.000061783,-0.010376161
GYRO,175000000,-0.060366589,0.000000000,0.016450421,-0.000085966,-0.012396544
WHEEL,200000000,3.007851595,2.681416307,0.018780836,-0.000114856,-0.013905709
GYRO,200000000,-0.059934538,0.000000000,0.018780836,-0.000114856,-0.013905709
GYRO,225000000,-0.066425290,0.000000000,0.021127432,-0.000147489,-0.015404072
WHEEL,250000000,3.001596636,2.696809671,0.023473976,-0.000183639,-0.017064704
GYRO,250000000,-0.045981973,0.000000000,0.023473976,-0.000183639,-0.017064704
GYRO,275000000,-0.058542321,0.000000000,0.025824227,-0.000223749,-0.018214254
WHEEL,300000000,3.000444437,2.691444141,0.028174429,-0.000266561,-0.019677812
GYRO,300000000,-0.078026406,0.000000000,0.028174429,-0.000266561,-0.019677812
GYRO,325000000,-0.063062491,0.000000000,0.030521879,-0.000312759,-0.021628472
WHEEL,350000000,2.989363651,2.697650490,0.032869234,-0.000363537,-0.023205034
GYRO,350000000,-0.048024304,0.000000000,0.032869234,-0.000363537,-0.023205034
GYRO,375000000,-0.075884061,0.000000000,0.035214495,-0.000417969,-0.024405642
WHEEL,400000000,3.004441578,2.684640470,0.037559690,-0.000475216,-0.026302743
GYRO,400000000,-0.079528958,0.000000000,0.037559690,-0.000475216,-0.026302743
GYRO,425000000,-0.049048850,0.000000000,0.039905625,-0.000536935,-0.028290967
WHEEL,450000000,3.002849292,2.699306956,0.042251432,-0.000603318,-0.029517188
GYRO,450000000,-0.064456849,0.000000000,0.042251432,-0.000603318,-0.029517188
GYRO,475000000,-0.055525480,0.000000000,0.044602547,-0.000672736,-0.031128610
WHEEL,500000000,3.022686786,2.697905089,0.046953547,-0.000745943,-0.032516747
GYRO,500000000,-0.076899435,0.000000000,0.046953547,-0.000745943,-0.032516747
GYRO,525000000,-0.068150460,0.000000000,0.049312044,-0.000822661,-0.034439233
WHEEL,550000000,2.989497543,2.738255426,0.051670388,-0.000903912,-0.036142994
GYRO,550000000,-0.072832507,0.000000000,0.051670388,-0.000903912,-0.036142994
GYRO,575000000,-0.072085946,0.000000000,0.054031544,-0.000989289,-0.037963807
WHEEL,600000000,2.959465607,2.722388472,0.056392539,-0.001078964,-0.039765955
GYRO,600000000,-0.072028021,0.000000000,0.056392539,-0.001078964,-0.039765955
GYRO,625000000,-0.055268738,0.000000000,0.058734451,-0.001172142,-0.041566656
WHEEL,650000000,3.015583853,2.677978045,0.061076191,-0.001269536,-0.042948374
GYRO,650000000,-0.080710797,0.000000000,0.061076191,-0.001269536,-0.042948374
GYRO,675000000,-0.087036077,0.000000000,0.063422620,-0.001370373,-0.044966144
WHEEL,700000000,3.022604564,2.707462378,0.065768840,-0.001475945,-0.047142046
GYRO,700000000,-0.069689299,0.000000000,0.065768840,-0.001475945,-0.047142046
GYRO,725000000,-0.062448257,0.000000000,0.068129867,-0.001587331,-0.048884279
WHEEL,750000000,2.992270541,2.676824596,0.070490696,-0.001702831,-0.050445485
GYRO,750000000,-0.056305858,0.000000000,0.070490696,-0.001702831,-0.050445485
GYRO,775000000,-0.068675536,0.000000000,0.072826223,-0.001820748,-0.051853132
GYRO,800000000,-0.066938842,0.000000000,0.075161582,-0.001941952,-0.053570020
WHEEL,800000000,3.011322256,2.685910931,0.075161582,-0.001941952,-0.053570020
GYRO,825000000,-0.078022677,0.000000000,0.077508319,-0.002067787,-0.055243491
WHEEL,850000000,2.972441214,2.692937667,0.079854842,-0.002197549,-0.057194058
GYRO,850000000,-0.080699221,0.000000000,0.079854842,-0.002197549,-0.057194058
GYRO,875000000,-0.059196282,0.000000000,0.082187990,-0.002331137,-0.059211538
WHEEL,900000000,2.990770686,2.701333146,0.084520863,-0.002469432,-0.060691446
GYRO,900000000,-0.063127869,0.000000000,0.084520863,-0.002469432,-0.060691446
GYRO,925000000,-0.069444344,0.000000000,0.086864533,-0.002611847,-0.062269642
WHEEL,950000000,2.996474286,2.724017855,0.089207975,-0.002757962,-0.064005751
GYRO,950000000,-0.065343968,0.000000000,0.089207975,-0.002757962,-0.064005751
GYRO,975000000,-0.057568092,0.000000000,0.091562846,-0.002908893,-0.065639350
WHEEL,1000000000,3.013967979,2.696567423,0.093917468,-0.003063671,-0.067078552
GYRO,1000000000,-0.057288011,0.000000000,0.093917468,-0.003063671,-0.067078552
GYRO,1024999999,-0.081959019,0.000000000,0.096267766,-0.003221563,-0.068510753
WHEEL,1050000000,2.981856269,2.723772515,0.098617836,-0.003382820,-0.070559728
GYRO,1050000000,-0.071908178,0.000000000,0.098617836,-0.003382820,-0.070559728
GYRO,1075000000,-0.053185921,0.000000000,0.100965551,-0.003548750,-0.072357433
GYRO,1100000000,-0.072149493,0.000000000,0.103312965,-0.003718900,-0.073687081
WHEEL,1100000000,3.015710646,2.753120200,0.103312965,-0.003718900,-0.073687081
GYRO,1125000000,-0.065107227,0.000000000,0.105686150,-0.003894090,-0.075490818
WHEEL,1150000000,3.005269720,2.732835422,0.108059015,-0.004073560,-0.077118499
GYRO,1150000000,-0.051298716,0.000000000,0.108059015,-0.004073560,-0.077118499
GYRO,1175000000,-0.069381909,0.000000000,0.110418948,-0.004255917,-0.078400967
WHEEL,1200000000,3.009216325,2.701718469,0.112778646,-0.004441299,-0.080135514
GYRO,1200000000,-0.051579867,0.000000000,0.112778646,-0.004441299,-0.080135514
GYRO,1225000000,-0.065177159,0.000000000,0.115126847,-0.004629877,-0.081425011
GYRO,1250000000,-0.058466408,0.000000000,0.117474802,-0.004821483,-0.083054440
WHEEL,1250000000,2.969800854,2.714430050,0.117474802,-0.004821483,-0.083054440
GYRO,1275000000,-0.067742445,0.000000000,0.119811465,-0.005016001,-0.084516100
WHEEL,1300000000,2.983131601,2.689733492,0.122147841,-0.005213934,-0.086209661
GYRO,1300000000,-0.068743468,0.000000000,0.122147841,-0.005213934,-0.086209661
GYRO,1325000000,-0.064791846,0.000000000,0.124479207,-0.005415420,-0.087928248
WHEEL,1350000000,2.999129264,2.694493982,0.126810224,-0.005620912,-0.089548044
GYRO,1350000000,-0.064561984,0.000000000,0.126810224,-0.005620912,-0.089548044
GYRO,1375000000,-0.066194832,0.000000000,0.129149434,-0.005830945,-0.091162094
WHEEL,1400000000,2.968738664,2.684087380,0.131488301,-0.006044754,-0.092816964
GYRO,1400000000,-0.057245769,0.000000000,0.131488301,-0.006044754,-0.092816964
GYRO,1425000000,-0.064256864,0.000000000,0.133810054,-0.006260873,-0.094248109
WHEEL,1450000000,3.018611689,2.713555349,0.136131497,-0.006480314,-0.095854530
GYRO,1450000000,-0.067998145,0.000000000,0.136131497,-0.006480314,-0.095854530
GYRO,1475000000,-0.061512981,0.000000000,0.138485161,-0.006706617,-0.097554484
WHEEL,1500000000,3.013968805,2.703472041,0.140838438,-0.006936921,-0.099092308
GYRO,1500000000,-0.071185626,0.000000000,0.140838438,-0.006936921,-0.099092308
GYRO,1525000000,-0.082041084,0.000000000,0.143185312,-0.007170242,-0.100871949
GYRO,1550000000,-0.058504254,0.000000000,0.145531768,-0.007407740,-0.102922976
WHEEL,1550000000,3.013245690,2.704822443,0.145531768,-0.007407740,-0.102922976
GYRO,1575000000,-0.065622620,0.000000000,0.147877989,-0.007650076,-0.104385583
GYRO,1600000000,-0.069138734,0.000000000,0.150223853,-0.007895844,-0.106026148
WHEEL,1600000000,2.996635898,2.723295373,0.150223853,-0.007895844,-0.106026148
GYRO,1625000000,-0.059930178,0.000000000,0.152570075,-0.008145541,-0.107754616
WHEEL,1650000000,2.995085046,2.684606644,0.154915862,-0.008399294,-0.109252871
GYRO,1650000000,-0.063472399,0.000000000,0.154915862,-0.008399294,-0.109252871
GYRO,1675000000,-0.058636254,0.000000000,0.157244766,-0.008654750,-0.110839681
WHEEL,1700000000,3.024243446,2.724669937,0.159573262,-0.008913902,-0.112305587
GYRO,1700000000,-0.067704099,0.000000000,0.159573262,-0.008913902,-0.112305587
GYRO,1725000000,-0.062959972,0.000000000,0.161929750,-0.009179667,-0.113998190
WHEEL,1750000000,2.968516894,2.712759059,0.164285784,-0.009449420,-0.115572189
GYRO,1750000000,-0.045080410,0.000000000,0.164285784,-0.009449420,-0.115572189
GYRO,1775000000,-0.066701074,0.000000000,0.166613677,-0.009719664,-0.116699199
WHEEL,1800000000,2.959111539,2.721389617,0.168941263,-0.009992532,-0.118366726
GYRO,1800000000,-0.083941744,0.000000000,0.168941263,-0.009992532,-0.118366726
GYRO,1825000000,-0.063637859,0.000000000,0.171268074,-0.010269242,-0.120465270
WHEEL,1850000000,2.981324743,2.715684164,0.173594300,-0.010550835,-0.122056216
GYRO,1850000000,-0.076588559,0.000000000,0.173594300,-0.010550835,-0.122056216
GYRO,1875000000,-0.059335837,0.000000000,0.175926832,-0.010836957,-0.123970930
WHEEL,1900000000,2.987702484,2.706657849,0.178258813,-0.011127545,-0.125454326
GYRO,1900000000,-0.070994211,0.000000000,0.178258813,-0.011127545,-0.125454326
GYRO,1925000000,-0.070781926,0.000000000,0.180589277,-0.011421456,-0.127229181
GYRO,1950000000,-0.059890179,0.000000000,0.182919214,-0.011719502,-0.128998729
WHEEL,1950000000,2.972385659,2.694383874,0.182919214,-0.011719502,-0.128998729
GYRO,1975000000,-0.068565970,0.000000000,0.185237335,-0.012020206,-0.130495984
WHEEL,2000000000,2.998803655,2.719223475,0.187555002,-0.012324381,-0.132210133
GYRO,2000000000,-0.066392251,0.000000000,0.187555002,-0.012324381,-0.132210133
GYRO,2025000000,-0.066091892,0.000000000,0.189893104,-0.012635315,-0.133869939
WHEEL,2049999999,3.035885617,2.711613792,0.192230686,-0.012950130,-0.135522237
GYRO,2049999999,-0.056581150,0.000000000,0.192230686,-0.012950130,-0.135522237
GYRO,2075000000,-0.073589063,0.000000000,0.194579792,-0.013270450,-0.136936765
GYRO,2100000000,-0.073869017,0.000000000,0.196928441,-0.013594092,-0.138776492
WHEEL,2100000000,3.005953009,2.679437685,0.196928441,-0.013594092,-0.138776492
GYRO,2125000000,-0.043652328,0.000000000,0.199251118,-0.013918510,-0.140623217
GYRO,2150000000,-0.055628148,0.000000000,0.201573191,-0.014247217,-0.141714526
WHEEL,2150000000,2.971628070,2.703806740,0.201573191,-0.014247217,-0.141714526
GYRO,2175000000,-0.049927193,0.000000000,0.203890839,-0.014577878,-0.143105229
WHEEL,2200000000,3.002715076,2.712161793,0.206208025,-0.014911762,-0.144353409
GYRO,2200000000,-0.067409894,0.000000000,0.206208025,-0.014911762,-0.144353409
GYRO,2225000000,-0.077689336,0.000000000,0.208540893,-0.015250878,-0.146038657
WHEEL,2250000000,3.014099626,2.707218468,0.210873186,-0.015593925,-0.147980890
GYRO,2250000000,-0.046948945,0.000000000,0.210873186,-0.015593925,-0.147980890
GYRO,2275000000,-0.076030930,0.000000000,0.213207436,-0.015941893,-0.149154614
WHEEL,2300000000,2.970660642,2.717852589,0.215541276,-0.016292601,-0.151055387
GYRO,2300000000,-0.066660328,0.000000000,0.215541276,-0.016292601,-0.151055387
GYRO,2325000000,-0.053923823,0.000000000,0.217861068,-0.016645708,-0.152721895
WHEEL,2350000000,2.997894857,2.680893071,0.220180268,-0.017002680,-0.154069991
GYRO,2350000000,-0.068034757,0.000000000,0.220180268,-0.017002680,-0.154069991
GYRO,2375000000,-0.043592312,0.000000000,0.222495020,-0.017362163,-0.155770860
GYRO,2400000000,-0.083935367,0.000000000,0.224809158,-0.017725582,-0.156860667
WHEEL,2400000000,2.991704707,2.672025182,0.224809158,-0.017725582,-0.156860667
GYRO,2425000000,-0.049244113,0.000000000,0.227116763,-0.018090553,-0.158959052
GYRO,2450000000,-0.062450264,0.000000000,0.229423597,-0.018460365,-0.160190154
WHEEL,2450000000,2.993118389,2.715015718,0.229423597,-0.018460365,-0.160190154
GYRO,2475000000,-0.065417612,0.000000000,0.231748056,-0.018835938,-0.161751411
WHEEL,2500000000,2.993447496,2.682768039,0.234071926,-0.019215141,-0.163386851
GYRO,2500000000,-0.063217363,0.000000000,0.234071926,-0.019215141,-0.163386851
GYRO,2525000000,-0.064070144,0.000000000,0.236382182,-0.019596001,-0.164967285
GYRO,2550000000,-0.067886552,0.000000000,0.238691833,-0.019980512,-0.166569039
WHEEL,2550000000,2.994836305,2.709219111,0.238691833,-0.019980512,-0.166569039
GYRO,2575000000,-0.062063500,0.000000000,0.241012190,-0.020370627,-0.168266203
GYRO,2600000000,-0.069517333,0.000000000,0.243331881,-0.020764678,-0.169817790
WHEEL,2600000000,2.973012201,2.679618544,0.243331881,-0.020764678,-0.169817790
GYRO,2625000000,-0.070825244,0.000000000,0.245630051,-0.021158744,-0.171555724
GYRO,2650000000,-0.083384003,0.000000000,0.247927533,-0.021556803,-0.173326355
WHEEL,2650000000,3.002540245,2.675011126,0.247927533,-0.021556803,-0.173326355
GYRO,2675000000,-0.064513233,0.000000000,0.250234432,-0.021960702,-0.175410955
GYRO,2700000000,-0.068804601,0.000000000,0.252540483,-0.022369409,-0.177023786
WHEEL,2700000000,3.038902313,2.696933272,0.252540483,-0.022369409,-0.177023786
GYRO,2725000000,-0.053785650,0.000000000,0.254869540,-0.022786069,-0.178743901
GYRO,2750000000,-0.080378005,0.000000000,0.257197876,-0.023206734,-0.180088542
WHEEL,2750000000,2.981860256,2.683652917,0.257197876,-0.023206734,-0.180088542
GYRO,2775000000,-0.045239005,0.000000000,0.259497105,-0.023625334,-0.182097992
GYRO,2800000000,-0.075106490,0.000000000,0.261795489,-0.024048554,-0.183228967
WHEEL,2800000000,2.990337546,2.688603433,0.261795489,-0.024048554,-0.183228967
GYRO,2825000000,-0.053603876,0.000000000,0.264098839,-0.024475381,-0.185106629
WHEEL,2850000000,2.958168007,2.725274811,0.266401383,-0.024906533,-0.186446726
GYRO,2850000000,-0.052274757,0.000000000,0.266401383,-0.024906533,-0.186446726
GYRO,2875000000,-0.060943361,0.000000000,0.268705172,-0.025341115,-0.187753595
WHEEL,2900000000,2.999690334,2.699452473,0.271008392,-0.025778706,-0.189277179
GYRO,2900000000,-0.069195590,0.000000000,0.271008392,-0.025778706,-0.189277179
GYRO,2925000000,-0.071721148,0.000000000,0.273317302,-0.026221025,-0.191007069
GYRO,2950000000,-0.066575574,0.000000000,0.275625444,-0.026667338,-0.192800098
WHEEL,2950000000,3.016357470,2.678907910,0.275625444,-0.026667338,-0.192800098
GYRO,2975000000,-0.064655431,0.000000000,0.277931212,-0.027117481,-0.194464487
GYRO,3000000000,-0.058555214,0.000000000,0.280236228,-0.027571462,-0.196080873
WHEEL,3000000000,2.984833458,2.709148313,0.280236228,-0.027571462,-0.196080873
